101:N101H
1052dmrl3696:1052dmrl3696
1052dmrl3696:1052dmrl3696123
1052dmrl3696:1052dmrl36961234
1052dmrl3696:1052dmrl369612345
1073bcla8785:1073bcla8785
1073bcla8785:1073bcla8785123
1073bcla8785:1073bcla87851234
1073bcla8785:1073bcla878512345
123456:123456
172wdby9348:172wdby9348
172wdby9348:172wdby9348123
172wdby9348:172wdby93481234
172wdby9348:172wdby934812345
1874JQQM8797:1874JQQM8797
1874JQQM8797:1874JQQM8797123
1874JQQM8797:1874JQQM87971234
1874JQQM8797:1874JQQM879712345
1:L1701
4aadmin:4aadmin
4Azuxun:4Azuxun
4Azuxun:4Azuxun1234
884001:884130
885001:885999
886001:886799
a4admin:a4admin
aaaa:aaaa
aaaftp:aaaftp
Ab@123456:Ab@123456
Ab@boco:Ab@boco
abc:fsqfsqfsq
abrt:abrt
abrt:abrt123
abrt:abrt1234
abrt:abrt12345
account1:account1
account2:account2
acct30:acct30
accweb:accweb
acrm:acrm
adapter:adapter
adm:adm
adm:adm123
adm:adm1234
adm:adm12345
admin10000:ngcc10000@noc
admin112:ngcc112@noc
admin:123
admin:123456
Admin1234:Admin1234
admin1w:ngcc1w@noc
ADMIN:2wsx2WSX
admin:9061mgw
admin:admin
admin:admin123
admin:bmeB500
admin:changeit
admin:CHina12530
admin_hw:admin_hw
administrator:11111111
administrator:123456
administrator:12345678
administrator:654321
administrator:abcd.1234
administrator:administrator
administrator:CHina12530
administrator:ngcc112@noc
administrator:uap2008
admin:nsfocus
admin:password
admin:runstone
ahwssftp:ahwssftp
aiinter:aiinter
AIP2:AIP2
AIP6:AIP6
aipcti:aipcti
aipcti:aipcti123
aipgd:aipgd
ais:ais
aisuper:aisuper
aiuap:aiuap
aiuap:!QAZ2wsx
alcatel:alcatel
alters:alters
alti1:alti1
alti1:alti11234
alti2:alti2
alti2:alti21234
alti:alti
altibase:altibase
altibase:altibase1234
amanda:amanda
amanda:amanda123
andy:andy
angguan:angguan
Anhuidx123:Anhuidx123
anlifeng:anlifeng
anonymous:anonymous
anta:anta
anta:anta1234
antab:antab
antab:antab1234
antaeus:antaeus
anxiaoxuan:anxiaoxuan
apache:apache
apache:apache123
apache:apache1234
apache:apache12345
app123:app123
APP:APP
app_bd:app_bd
app_cd:app_cd
appcj:appcj
appcrm1:appcrm1
appcrm2:appcrm2
appcrm:appcrm
appcustmg:appcustmg
app_cxjk:app_cxjk
app_cz:app_cz
appeos:appeos
appeos:appeos1234
app_hd:app_hd
app_hdjs:app_hdjs
app_hlt:app_hlt
app_hs:app_hs
app_hsjs:app_hsjs
app_hw:app_hw
appjf:appjf
appjfby:appjfby
app_lf:app_lf
app_mk:app_mk
app_qhd:app_qhd
app_rpt:app_rpt
app_sjjs:app_sjjs
app_sjz:app_sjz
app_ts:app_ts
app_vgop:app_vgop
app_xt:app_xt
app_xtjs:app_xtjs
app_yj:app_yj
app_zjk:app_zjk
apsapp:apsapp
apsapp:apsapp1234
arcsde:arcsde
arcsde:arcsdearcsde:arcsde
arena1:arena1
arena:arena
as1:as1
as2:as2
as3:as3
as4:as4
asdf:asdf
asdfg:asdfg
asg:asg
at:at
audit:audit
audit_it:audit_it
audit_it:audit_it1234
auditor:auditor
auth:auth
autoacct:autoacct
autoacct:autoacct1234
AutoCfg:AutoCfg
avahi-autoipd:avahi-autoipd
avahi-autoipd:avahi-autoipd123
avahi-autoipd:avahi-autoipd1234
avahi-autoipd:avahi-autoipd12345
avahi:avahi
avahi:avahi123
avahi:avahi1234
avahi:avahi12345
b123456789:b123456789
backup:backup
bamapp:bamapp
bam:bam
bank:bank
bankserv:bankserv
banyz:banyz
basemng:basemng
base_mob:base_mob
basicswitchadmin:basicswitchadmin
basswap:basswap
batapp:batapp
batapp:batapp1234
bbbb:bbbb
bchw:bchw
bdw:bdw
bea:bea
bea:bea1234
beef-xss:beef-xss
bengine:bengine
bes:bes
bgw:bgw
bicp:bicp
bicp_hb:bicp_hb
bidm:asdf123$
bidm:bidm
bill0:bill0
bill1:bill1
bill2:bill2
bill3:bill3
billbak:billbak
bill:bill
billing:billing
billing:billing1234
billuser:oracle
bin:bin
bin:bin123
bin:bin1234
bin:bin12345
binlog:binlog
biop:asdf123$
biop:biop
bj:bj
bkgroup:bkgroup
bkpadmin:bkpadmin
bme:bme
bmsftp:bmsftp
bnmsapp:bnmsapp
boco4a:boco4a
boco:boco
bocoftp:bocoftp
bocs:bocs
bomc4:bomc4
bomc:bomc
boss1:boss1
boss2:boss2
bossasm:bossasm
bossbm:bossbm
boss:boss
bosscs:bosscs
bossftp:bossftp
bossnm:bossnm
bossnmv3:bossnmv3
bossop:bossop
bossrm:bossrm
bossucf:bossucf
both:both
bpmapp:bpmapp
bpmapp:bpmapp1234
bpm:bpm
bqxx:bqxx
bsm:bsm
bssjk:bssjk
bssp:bssp
btbm:btbm
bugadmin:bugadmin
buildcrm:buildcrm
builder:builder
builder:builder1234
buyatao:buyatao
buyatao:buyatao1234
c7mon:c7mon
c7monitor:c7monitor
callup:callup
candi190:candi190
caonima123:caonima123
caoxi:caoxi
caoyz:caoyz
capesapp:capesapp
cattsoft:cattsoft
cbill:cbill
Cc08cc08:Cc08cc08
ccs:ccs
cdr:cdr
changde:changde
changpf:changpf
channel:channel
charge30:charge30
checkman:checkman
cheeloo:cheeloo
chenbf:chenbf
chen:chen
chenchen:chenchen
chenjl:chenjl
chenql:chenql
chenshb:chenshb
chenwc:chenwc
cheny:cheny
chinaidc:chinaidc
chinatelecom:chinatelecom
chnesb:chnesb
chnweb:chnweb
ciip:ciip
cimsrvr:cimsrvr
cisco:cisco
cjfcjf:cjfcjf
cluster:cluster
cmcc:cmcc
cmdb:cmdb
cmp:cmp
cmwcmw:cmwcmw
collector1:collector1
collector2:collector2
colord:colord
com12321:com12321
conadmin:conadmin
conadmin:nsfocus
corba:corba
cpaneleximfilter:cpaneleximfilter
cpcxb16:cpcxb16
crccom:crccom
credit:credit
credit:credit1234
crm1:crm1
crm2:crm2
crmgtm:crmgtm
crmgtm:crmgtm1234
crmop:crmop
crmrpt:crmrpt
crmtboss:crmtboss
crmtboss:crmtboss1234
crm_web:crm_web
cron:cron
csp:csp
cssdb1:cssdb1
cssdb2:cssdb2
cswcdma:cswcdma
ctx_cpsvcuser:ctx_cpsvcuser
Ctx_StreamingSvc:Ctx_StreamingSvc
cuijb:cuijb
cuilan:cuilan
cust:cust
cxcgns:cxcgns
cxj:cxj
cxjk:cxjk
cybf6100:cybf6100
cyrus:cyrus
cyrus:cyrus123
czs:czs
czyczy:czyczy
daemon:daemon
daemon:daemon123
daemon:daemon1234
daemon:daemon12345
daladmin:daladmin
daladmin:daladmin123
das:das
dasusr1:dasusr1
db2dbm1:db2dbm1
db2fenc1:db2fenc1
db2inst1:db2inst1
dbsnmp:dbsnmp
dbsonar:dbsonar
dbus:dbus
dbus:dbus123
dbus:dbus1234
dbus:dbus12345
dbuser:dbuser
dcdata:dcdata
dc:dc
dc_mysql:dc_mysql
dcnadmin:dcnadmin
dcuser:dcuser
dd060108dd:dd060108dd
ddcuser:ddcuser
Debian-exim:Debian-exim
Debian-gdm:Debian-gdm
dejun888:dejun888
dejunaaa:dejunaaa
demo:demo
dequn:dequn
devdata:devdata
devdata:devdata123
dhcpd:dhcpd
dhyx:dhyx
diaosz:diaosz
dis_ch:dis_ch
dis_pds:dis_pds
distcache:distcache
distcache:distcache1234
distributor_admin:distributor_admin
djluo:djluo
dmcs:dmcs
dmonitor:dmonitor
dnmsadm:dnmsadm
dnmsadm:dnmsadm123
dnmsapp:dnmsapp
dnmsapp:dnmsapp123
dnmshp:dnmshp
dnmshp:dnmshp123
dnmsuser:dnmsuser
dnmsuser:dnmsuser123
dnsmasq:dnsmasq
dongjs:dongjs
dongming:dongming
dongp:dongp
dongpj:dongpj
dos:dos
dovecot:dovecot
download:download
dqr:dqr
dradis:dradis
drap:drap
dras:dras
drdb:drdb
drecv1:drecv1
drecv2:drecv2
drecv:drecv
drecv:drecv1234
drweb:drweb
dsg:dsg
dujm:dujm
dulk:dulk
dusq:dusq
dw_acrm:dw_acrm
dw_exp:dw_exp
dwhrep:dwhrep
dxwg4A:dxwg4A
E3006383:E3006383
e34616081:e34616081
ecftp:ecftp
echnweb:echnweb
ecuser:ecuser
EDA:EDA
emcer:emcer
emp1:emp1
emp1:emp11234
emp:emp
emp:emp1234
enip:enip
eniq_adm:eniq_adm
eomsdb:eomsdb
eoms:eoms
eoms:eoms123
erduo:erduo
eric:eric
eringm:eringm
erp:erp
erricson:erricson
esaadmin:esaadmin
esaadmin:esaadmin1234
esincs:esincs
esop:esop
etl1:etl1
etl2:etl2
etladmin:etladmin
etl_cdr:etl_cdr
etl_dis:etl_dis
etl_dw:etl_dw
etl_mk:etl_mk
expdata:expdata
expdata:expdata1234
exp_dm:exp_dm
extjob:extjob
fabricadmin:fabricadmin
factory:factory
fdwe:ora10
fengm:fengm
fengxs:fengxs
fetchmail:fetchmail
fileuser:fileuser
fjzxF118:fjzxF118
front:front
ftp1:ftp1
ftp:3jysjbx
ftp:arcsde
ftp:asdf123$
ftp:cmbjx123!
ftp:fangyan2
ftp:ftp
ftp:ftp123
ftp:ftp1234
ftp:ftp12345
ftpguest:ftpguest
ftp:klea457
ftpowner:ftpowner
ftp:password@01
ftp:qwer123$
ftp:qwer789)
ftpsecure:ftpsecure
ftpuser:ftpuser
ftpuser:ftpuser123
ftp_wg:ftp_wg
g6s8m3t7s:g6s8m3t7s
games:games
games:games123
games:games1234
games:games12345
gansu13:gansu13
gaown:gaown
gaoyj:gaoyj
GCDRZCJF:GCDRZCJF
gdbh:gdbh
gdm:gdm
gdm:gdm123
gdm:gdm1234
gdm:gdm12345
geh:geh
ggsn:ggsn
ghostsys123:ghostsys123
gkpt:gkpt
glxt:glxt
gmj:gmj
gmjiaguizu:gmjiaguizu
gmm:gmm
gnats:gnats
gongyb:gongyb
gopher:gopher
gopher:gopher123
gopher:gopher1234
gopher:gopher12345
gossiprouter:gossiprouter
gprs:gprs
group:group
gtkejicai!:gtkejicai!
gtm_crm2:gtm_crm2
gtm_crm:gtm_crm
gtm:gtm
guest:123456
guest:guest
guest:guest1234
guocj:guocj
guoxc:guoxc
guoxw:guoxw
guoxy:guoxy
guozq:guozq
guwang:guwang
gwcdr:gwcdr
gx_crm:gx_crm
gym:gym
hacluster:hacluster
hacnms:hacnms
hadoop:hadoop
hadoop:hadoop1234
haldaemon:haldaemon
haldaemon:haldaemon123
haldaemon:haldaemon1234
haldaemon:haldaemon12345
halt:halt
halt:halt123
halt:halt1234
halt:halt12345
hanxy:hanxy
haobai:haobai
haozhj:haozhj
hb10800:hb10800
*hewj:*hewj
hfdx:hfdx
hletl:asdf123$
hletl:hletl
hongliang:hongliang
houjj:houjj
hpadmin:root123
hpdb:hpdb
hp_heya:hp_heya
hp:hp
hp_lifeng:hp_lifeng
hp_ny:hp_ny
hp_nzs:hp_nzs
hpsmh:hpsmh
hpsmh:hpsmh123
hp_wangning:hp_wangning
hp_zxq:hp_zxq
hsftp:hsftp
hsftp:hsftp1234
hsqldb:hsqldb
hsqldb:hsqldb123
hsqldb:hsqldb1234
hsqldb:hsqldb12345
huangw:huangw
huangwl:huangwl
huangx:huangx
huatai:huatai
huatech:huatech
huawei:123456
huawei:huawei
huawei:huawei123
huawei:ngcc112@nh
huawei:NHuap8100
hueb:hueb
huij:huij
huys:huys
hwcgns:hwcgns
hw_etl:hw_etl
hwftp:hwftp
hw:hw
hwkf:hwkf
hyhyhy:hyhyhy
iamadmin:iamadmin
ibd:ibd
ibmer:ibmer
ibms:ibms
ibnms2:ibnms2
ibnms:ibnms
ibossapp:ibossapp
ibossapp:ibossapp1234
ibssapp:ibssapp
iccomm:iccomm
icdcomm:icdcomm
icd:icd
icdsms:icdsms
ics:ics
idcadmin:idcadmin
IDCSEO2009:IDCSEO2009
idcuser:idcuser
ident:ident
idsadmin:idsadmin
iloveyou:iloveyou
imapuser:imapuser
imapuser:imapuser123
imgview:imgview
informix:informix
informix:Wnms4_info
infox:infox
interbus2:interbus2
interbus:interbus
inter:inter
intflib:intflib
inttest:inttest
invscout:invscout
invscout:invscout1234
iodine:iodine
iom:iom
ipsec:ipsec
ipsec:ipsec1234
iqs:iqs
irc:irc
irc:irc123
irm:irm
ironbee:ironbee
irs:irs
is@105115:is@105115
isap1:isap1
isap2:isap2
isap:isap
isdb1:isdb1
isdb2:isdb2
isee:isee
ismc:ismc
ismg5:ismg5
isop:isop
itfapp:itfapp
itfapp:itfapp1234
itfftp:itfftp
itfftp:itfftp1234
itm6:itm6
itmanager:itmanager
itm:itm
itmon:itmon
itmuser:itmuser
itoolftp:itoolftp
itsm123$:itsm123$
ivpn:ivpn
ivrapp:ivrapp
iwww:iwww
iwww:iwww123
jeff:jeff
jfzx:jfzx
jialei:jialei
jiangby:jiangby
jiazf:jiazf
jinhj:jinhj
jinna:jinna
job_app:job_app
jobapp:jobapp
jobbak:jobbak
job_boss:job_boss
job_cdr:job_cdr
job_dis:job_dis
job_etl:job_etl
jobfront:jobfront
job_mk:job_mk
job_org:job_org
job_oth:job_oth
job_rpt:job_rpt
jobrpt:jobrpt
job_ty:job_ty
Jqcl@20113:Jqcl@20113
jrtu123:jrtu123
jrtu:jrtu
jt:jt
juniper:juniper
junkbust:junkbust
jxmobile:huawei
jxmobile:jxmobile
jyfx3:jyfx3
jyfx:jyfx
jyyr_apd:jyyr_apd
jyyr_cbc:jyyr_cbc
jyyr_dcc:jyyr_dcc
jyyr_dxh:jyyr_dxh
jyyr_gml:jyyr_gml
jyyr_gss:jyyr_gss
jyyr_hlj:jyyr_hlj
jyyr_hl:jyyr_hl
jyyr_hzk:jyyr_hzk
jyyr_jwx:jyyr_jwx
jyyr:jyyr
jyyr_kob:jyyr_kob
jyyr_lc:jyyr_lc
jyyr_lhm:jyyr_lhm
jyyr_lhy:jyyr_lhy
jyyr_lij:jyyr_lij
jyyr_lmz:jyyr_lmz
jyyr_ln:jyyr_ln
jyyr_lqq:jyyr_lqq
jyyr_lw:jyyr_lw
jyyr_lyh:jyyr_lyh
jyyr_lyk:jyyr_lyk
jyyr_mxj:jyyr_mxj
jyyr_waw:jyyr_waw
jyyr_wf:jyyr_wf
jyyr_wjf:jyyr_wjf
jyyr_wxh:jyyr_wxh
jyyr_ywz:jyyr_ywz
jyyr_zls:jyyr_zls
jyyr_zrl:jyyr_zrl
kaifa:kaifa
kangyf:kangyf
kefu3:kefu3
kehd:kehd
kjg:kjg
kmapp:kmapp
kmapp:kmapp1234
km:km
kms:kms
kpidal:kpidal
ksjs:ksjs
kzw:kzw
lb@820723:lb@820723
ldap:ldap
leizm:leizm
lengyuj:lengyuj
liangbin:liangbin
liangj:liangj
liangk:liangk
libuuid:libuuid
lichao:lichao
licheng:licheng
lihk:lihk
*liht:*liht
lijing2_wh:lijing2_wh
linxz:linxz
liqd:liqd
liqi:liqi
lirg:lirg
lisi:lisi
listen:listen
list:list
litao:litao
liting:liting
litingting:litingting
liuhan:liuhan
liu_hao:liu_hao
liu_hao:liu_hao1234
liuh:liuh
liuwei:liuwei
liuyang:liuyang
liuyi:liuyi
liuzw:liuzw
liweinan:liweinan
liyangpeng:liyangpeng
liyaozu:liyaozu
lizf:lizf
lizg:lizg
lizhidan:lizhidan
lizimin:lizimin
ljxljx:ljxljx
loc_exec:loc_exec
loc_srcs:loc_srcs
logftp:logftp
logftp:logftp1234
log:log
lost+found:lost+found
lpd:lpd
lpd:lpd1234
lp:lp
lp:lp123
lp:lp1234
lp:lp12345
lse:lse
lsl:lsl
luoshun1125:luoshun1125
luxf:luxf
luxf:luxf1234
lvkx:lvkx
lxzlxz:lxzlxz
mabin123:mabin123
macj:macj
mail:mail
mail:mail123
mail:mail1234
mail:mail12345
mailman:mailman
mailman:mailman123
mailnull:mailnull
mailnull:mailnull123
mailnull:mailnull1234
mailnull:mailnull12345
maintain:maintain
maint:maint
manage:manage
manager:CHina12530
manager:manager
man:man
masi:masi
masj:masj
material:material
maxgauge:maxgauge
mcppmc5:mcppmc5
mcppsr6:mcppsr6
mdcc:mdcc
mdccn:mdccn
mddms:mddms
mddms:mddms1234
mdmc:mdmc
mdmcn:mdmcn
mdom:mdom
mdom:mdom123
mdw:mdw
memcached:memcached
mengjl:mengjl
menhu:menhu
messagebus:messagebus
metaone1:metaone1
metaone2:metaone2
metaone:metaone
mgmnt:mnmnt
midan:midan
mipwap:mipwap
miredo:miredo
mk:mk
mmdf:mmdf
mmuser:mmuser
mobdb1:mobdb1
mobdb2:mobdb2
moluo:moluo
monitor:123456
monitor_:monitor_
monitor:monitor
mpiag27:mpiag27
mpiaga1:mpiaga1
mpiaga:mpiaga
mq123:mq123
mqadmin:mqadmin
mqm:mqm
mq:mq
mqwadmin:mqwadmin
mrgool_mrgool:mrgool_mrgool
mysql:mysql
mysql:mysql123
N2000user:N2000user
nagios:nagios
named:named
nasadmin:nasadmin
nbpt:nbpt
nbus1:nbus1
nbus2:nbus2
ndf:ndf
netcom:netcom
netdump:netdump
netdump:netdump123
netscreen:netscreen
network:network
neusoft:neusoft
news:news
news:news123
news:news1234
news:news12345
nfsnobody:nfsnobody
nfsnobody:nfsnobody123
nfsnobody:nfsnobody1234
nfsnobody:nfsnobody12345
ngantab:ngantab
ngantab:ngantab1234
nganta:nganta
nganta:nganta1234
ngbatapp:ngbatapp
ngbatapp:ngbatapp1234
ngbssbak:ngbssbak
ngccejb:ngccejb
ngcc:ngcc
ngieos:ngieos
ngieos:ngieos1234
ngmkt:ngmkt
ngres3:ngres3
ngsale:ngsale
ngsjb:ngsjb
ngtest:ngtest
ngtest:ngtest1234
ngtoptea:ngtoptea
ngtuxapp:ngtuxapp
ngtuxapp:ngtuxapp1234
ngtuxbat:ngtuxbat
ngtuxbat:ngtuxbat1234
ngtuxbil:ngtuxbil
ngtuxbil:ngtuxbil1234
ngwebapp:ngwebapp
ngwebapp:ngwebapp1234
nmc:nmc
nmc:nmc123
nmcs:nmcs
nmcs:nmcs123
nmgibd:nmgibd
nmosdb:nmosdb
nmosoptr:nmosoptr
nmsadm:nmsadm
NMSFTPUser:NMSFTPUser
nmsguest:nmsguest
nmsguest:nmsguest123
nmtt:nmtt
noaccess:noaccess
nobod1y:nobod1y
nobody4:nobody4
nobody:nobody
nobody:nobody123
nobody:nobody1234
nobody:nobody12345
nokia:nokia
normal:normal
north:north
nouser:nouser
npmdb:npmdb
npmoptr:npmoptr
npmuser:npmuser
nrmdal:nrmdal
nrmdb:nrmdb
nscd:nscd
nscd:nscd123
nscd:nscd1234
nscd:nscd12345
nslcd:nslcd
ntp:ntp
ntp:ntp123
ntp:ntp1234
ntp:ntp12345
nuucp:nuucp
nuucp:nuucp1234
oabkup:oabkup
oamagt:oamagt
oam:oam
oams:oams
ocs1:ocs1
ocs2:ocs2
ocscj:ocscj
ocs:ocs
ocs:ocs123
ocs_sm:ocs_sm
ocssp2:ocssp2
odso:odso
offon1:offon1
offon2:offon2
olcom:olcom
olcom:olcom1234
omcadmin:omcadmin
omc:omc
omc:omc123
omcuser:omcuser
omu:omu
oneboss1:oneboss1
oneboss2:oneboss2
oneboss:oneboss
opc_op:opc_op
operator:operator
operator:operator123
operator:operator1234
operator:operator12345
Oper:Oper
oprofile:oprofile
oprofile:oprofile123
oprofile:oprofile1234
oprofile:oprofile12345
ora10g:ora10g
ora10:ora10
orabackup:orabackup
oracle:123456
oracle:12345678
oracle9:oracle9
oracle:CHina12530
oracle:oracle@
oracle:oracle
oracle:oracle1
oracle:oracle12:
oracle:oracle12
oracle:oracle123
oracle:oracle1234
oracle:oracle12345
oraprm:oraprm
orss:orss
ossuser:ossuser
OTNU2000:OTNU2000
owww:owww
owww:owww123
pass:pass
password:password
patrOL,123:patrOL,123
patrol:huawei
patrol:patrol
patrol:patrol123
patrol:patrol1234
pcap:pcap
pcap:pcap123
pcap:pcap1234
pcap:pcap12345
pconsole:pconsole
pconsole:pconsole1234
pegasus:pegasus
pfapp:pfapp
pfapp:pfapp1234
platapp:platapp
playbar:playbar
pms:pms
polkituser:polkituser
pon123:pon123
pon:pon
pop:pop
portalone2:portalone2
portalone:portalone
portal:portal
postfix:postfix
postfix:postfix123
postfix:postfix1234
postfix:postfix12345
postgres:postgres
precise:precise
privoxy:privoxy
product:product
proxy:proxy
ptn123:ptn123
ptncs:ptncs
ptn:ptn
ptnyf:ptnyf
ptt:ptt
public:public
pulse:pulse
pulse:pulse123
pulse:pulse1234
pulse:pulse12345
pvm:pvm
qdapp:qdapp
qhdev:qhdev
qhunicom:qhunicom
qhxx:qhxx123
qhzsk:qhzsk
qhzsk:qhzsk123
qinyw:qinyw
quagga:quagga
quagga:quagga123
qwer:qwer
qwert:qwert
qyzj:qyzj
radiusd:radiusd
radvd:radvd
radware:radware
railcom:railcom
rbs1:rbs1
rbs:rbs
rehl:rehl
renwb:renwb
report3:report3
reportapp:reportapp
reporter:reporter
report:report
research:research
res:res
res_ssh:res_ssh
rewq:owww
rmsoss:fjwcdma89
rmsoss:rmsoss
rms:rms
rmssoss:fjwcdma89%
rnc:rnc
role1:role1
root:!@#
root:11111111
root:123456
root:12345678
root:123abc
root:123qwe
root123:root123
root:1qaz@WSX
root1:root1
root:3jysjbx
root:admin
root:Admin123
root:arcsde
root:asdf123$
root:CHina12530
root:cmbjx123!
root:default
root:fangyan2
root:gzgprshw
root:huawei
root:I2000db
root:IVRdb-NH
root:klea457
root:ngcc10000@noc
root:NGcc112
root:ngcc112@noc
root:password@01
root:qwer123$
root:qwer789)
root:root
root:root123
root:root1234
root:root12345
rootroot:rootroot
root:shoujizhifu
root:uspproot123
root:zxin10
rpc:rpc
rpc:rpc123
rpc:rpc1234
rpc:rpc12345
rpcuser:rpcuser
rpcuser:rpcuser123
rpcuser:rpcuser1234
rpcuser:rpcuser12345
rpm:rpm
rtkit:rtkit
rtkit:rtkit123
rtkit:rtkit1234
rtkit:rtkit12345
ruleeng:ruleeng
runstone:runstone
s1i2m3:s1i2m3
sa:123
sabayon:sabayon
sabayon:sabayon123
sabayon:sabayon1234
sabayon:sabayon12345
sa:emsems
sa:i2000db
saleftp:saleftp
sambaczla:sambaczla
SambaCZLQ:SambaCZLQ
saned:saned
sa:sa
saslauth:saslauth
saslauth:saslauth123
saslauth:saslauth1234
saslauth:saslauth12345
sa:theUap8100
sbwhfe:sbwhfe
scott:scott
scu:scu
sdh:sdh
sdunicom:sdunicom
sdu:sdu
securityadmin:securityadmin
selfapp:selfapp
server:server
servicefx:servicefx
servman:servman
setapp1:setapp1
setapp2:setapp2
setdb1:setdb1
setdb2:setdb2
sett:sett
setup:setup
sfitsm:sfitsm
sfmdb:sfmdb
sfmdb:sfmdb123
sghsgh:sghsgh
sgsn:sgsn
sgwweb:sgwweb
SH4ACPS7:SH4ACPS7
SH4ACPS7$:SH4ACPS7$
shaoj:shaoj
share:share
shdx:
shily:shily
shipu:shipu
shiyz:shiyz
shuguan:shuguan
shujuban:shujuban
shutdown:shutdown
shutdown:shutdown123
shutdown:shutdown1234
shutdown:shutdown12345
siemens:siemens
siny:siny
sjts:sjts
sjzf:sjzf
SKFYCL9504:SKFYCL9504
slms:slms
slupdate:slupdate
smapupd:smapupd
smartcheck:smartcheck
smbnull:smbnull
SMCC:SMCC
smc:smc
smduser:smduser
smduser:smduser1234
smmsp:smmsp
smmsp:smmsp123
smmsp:smmsp1234
smmsp:smmsp12345
smpmml:smpmml
smp:smp
smpsys:smpsys
smsapp:smsapp
smsapp:smsapp1234
smsds:huawei
smsds:smsds
sms:sms
smstemp1:smstemp1
smstemp:smstemp
smsweb:huawei
smsweb:smsweb
snapp:snapp
snapp:snapp1234
snmp:snmp
snort:snort
soam:soam
songxh:songxh
songzj:songzj
songzl:songzl
south:south
speech-dispatcher:speech-dispatcher
spms:spms
squid:squid
squid:squid1234
srcuser:srcuser
srcuser:srcuser123
ssadmin:ssadmin
ssconfig:ssconfig
sshbd:sshbd
sshd:sshd
sshd:sshd123
sshd:sshd1234
sshd:sshd12345
sshuser:huawei
sshusr:huawei
sshusr:sshusr
sslh:sslh
ssmon:ssmon
sso:sso
ssp:ssp
ssptool:ssptool
statd:statd
statweb:statweb
statweb:statweb1234
storadm:storadm
storobs:storobs
stsysg@qq.com:stsysg@qq.com
stunnel4:stunnel4
stunnel:stunnel
stunnel:stunnel123
subman:subman
superman:superman
super:ngcc112@nh
superuser:superuser
sup:sup
suse-ncc:suse-ncc
suse-ncc:suse-ncc123
sushb:sushb
suyzh:suyzh
svctag:svctag
swdl1:swdl1
switchadmin:switchadmin
sx_10086_0:sx_10086_0
sxitims:sxitims
sybase:sybase
sybase:sybase123
sybase/Sybase:sybase/Sybase
sy_guopp:sy_guopp
sync:sync
sync:sync123
sync:sync1234
sync:sync12345
sysinfo:sysinfo
sysman:sysman
sys:nh-sys
sys:sys
sys:sys1234
system:nh-system
system:sys
system:system
szftpguest:szftpguest
szftpowner:szftpowner
szty:szty
T20006487:T20006487
T20006490:T20006490
T20006610:T20006610
T2000664:T2000664
T2000:T2000
tangl:tangl
tcpdump:tcpdump
tcpdump:tcpdump123
tcpdump:tcpdump1234
tcpdump:tcpdump12345
tdoas:tdoas
tdtest:tdtest
teamsun:teamsun
telecom:telecom
telnet:telnet
terminal:terminal
test:1234
test:123456
test:1234abcd
test:123abc
test2009:test2009
test:CHina12530
test_ftp:test_ftp
test:test
test:test123
test:test1234
testtestcert:testtestcert
testuser:testuser
tftp:tftp
times:times
tj97:tj97
tnms123:tnms123
tnms:tnms
tomcat:CHina12530
tomcat:tomcat
tomcat:tomcat123!@#
toptea:toptea
toptea:toptea1234
tpbank:tpbank
tp:tp
traffica:traffica
ts@10086:ts@10086
tssx:tssx
tt068:tt068
tt123:tt123
tt:tt
tuapp:tuapp
tuxapp:tuxapp
tuxapp:tuxapp1234
tuxbil:tuxbil
tuxbil:tuxbil1234
tuxdev:tuxdev
tuxdev:tuxdev1234
tuxedo:tuxedo
tuxitf:tuxitf
tuxitf:tuxitf1234
tuxivr:tuxivr
tuxuec:tuxuec
tuxuec:tuxuec1234
tydx:tydx
u220:u220
ucs:ucs
udb:udb
uep:uep
uipapp:uipapp
uipapp:uipapp1234
uipdev:uipdev
uipdev:uipdev1234
uip:uip
ultranms:ultranms
umsfd:umsdf
unicom:unicom
unionmon:unionmon
unknown:unknown
uoa:uoa
uoa:uoa123
uorss:uorss
update:update
upguser:upguser
upload:upload
upload:upload1234
URMS:URMS
Usau123:Usau123
usbmuxd:usbmuxd
usbmuxd:usbmuxd123
usbmuxd:usbmuxd1234
usbmuxd:usbmuxd12345
usbmux:usbmux
usdp01:usdp01123
user:1
user1:user1
user4a:user4a
useradmin:CHina12530
user:user
uspapp:uspapp
uspapp:uspapp1234
usr_ins:usr_ins
utoptea:utoptea
utoptea:utoptea1
uucp:uucp
uucp:uucp123
uucp:uucp1234
uucp:uucp12345
uuidd:uuidd
uwebapp:uwebapp
v130:v130
v8bs:v8bs
v8bs:v8bs123
vcsa:vcsa
vcsa:vcsa123
vcsa:vcsa1234
vcsa:vcsa12345
vgop:asdf123$
vgophb:vgophb
vgop:vgop
vnc:vnc
vpxuser:vpxuser
vscan:vscan
vsop:vsop
waf:waf
wangb:wangb
wangchao:wangchao
wangdong:wangdong
wangguan:wangguan
wanghait:wanghait
wanghj:wanghj
wanghongrui:wanghongrui
wanghongrui:wanghongrui1234
wanght:wanght
wanghui:wanghui
wangh:wangh
wangh:wangh1234
wangj:wangj
wanglq:wanglq
wanglq:wanglq1234
wangna:wangna
wangrb:wangrb
wangyf:wangyf
wangyj:wangyj
wangyongjia:wangyongjia
wangyou:wangyou
wangyun:wangyun
wapbi:wapbi
wap:wap
was:was
wdog:wdog
web123:web123
web2:web2
web81:web81
web8:web8
webadmin:nsfocus
webadmin:webadmin
webalizer:webalizer
webalizer:webalizer1234
webapp1:webapp1
webapp2:webapp2
webapp:webapp
webapp:webapp1234
webaudit:nsfocus
webaudit:webaudit
web_ftp:web_ftp
webitf:webitf
webitf:webitf1234
weblog92:weblog92
weblogic:weblogic
weblogic:weblogic1234
web_log:web_log
webman:webman
weboper:nsfocus
weboper:weboper
webservd:webservd
websvc:websvc
webtst:webtst
webtst:webtst1234
webuser:webuser
web:web
weifang:weifang
weihu:fjdxismp
weihu:weihu
weixi:weixi
wfapp:wfapp
wfapp:wfapp1234
wgadmin:wgadmin
wgftp:wgftp
wgop1:wgop1
wgop2:wgop2
wgop:wgop
wgzx:1234
wgzx21097:wgzx21097
whtdwy:whtdwy
windows:windows
wld14389:wld14389
wljk:wljk
wnrmdal:wnrmdal
work:work
wphdadmin:wphd123
wphd:wphd
wps:wps
ws1:ws1
ws2:ws2
ws3:ws3
ws4:ws4
ws5:ws5
ws6:ws6
wsc123:wsc123
Wsrmm!748:Wsrmm!748
wssftp:wssftp
wss:wss
wuchen:wuchen
wujian:wujian
wujun:wujun
www-data:www-data
wwwrun:wwwrun
www:www
wyj:wyj
wzswzs:wzswzs
xfs:xfs
xfs:xfs123
xfs:xfs1234
xfs:xfs12345
xhwang:xhwang
xiaobai:xiaobai
xiaoi:xiaoi
xiaojp:xiaojp
xiaozz:xiaozz
xiett:xiett
xiett:xiett1234
xiongxr:xiongxr
xiongzl:xiongzl
xjiang4a_1234:xjiang4a_1234
xjiang4a_123:xjiang4a_123
xjomc:xjomc
xueliang:xueliang
xufeng:xufeng
xunjian:xunjian
xziom:xziom
xzkt:xzkt
xzpprm:xzpprm
yadadejun:yadadejun
yanc:yanc
yangce:yangce
yangmei:yangmei
yangr:yangr
yangr:yangr1234
yangshf:yangshf
yangxh:yangxh
yanjiming:yanjiming
yanjy:yanjy
yanqw:yanqw
yanst:yanst
yaocf:yaocf
yaol:yaol
yaoqing:yaoqing
yijg:yijg
yingxiao:yingxiao
Yiyang:Yiyang
yuanf:yuanf
yudi7766:yudi7766
yue_chen:yue_chen
yue_chen:yue_chen1234
yuhb:yuhb
yunhai:yunhai
yuy:yuy
ywmon:ywmon
zbdgmhaoma:zbdgmhaoma
zcmds:zcmds
zcxzcx:zcxzcx
zc:zc
zengl:zengl
zhangdl:zhangdl
zhanglin:zhanglin
zhanglj:zhanglj
zhangman:zhangman
zhangpp:zhangpp
zhangrx:zhangrx
zhangtao:zhangtao
zhangxh:zhangxh
zhangxj:zhangxj
zhangxq:zhangxq
zhangyin:zhangyin
zhangyi:zhangyi
zhangzhao:zhangzhao
zhangzhen:zhangzhen
zhaoc:zhaoc
zhaoc:zhaoc1234
zhaofy:zhaofy
zhaohl:zhaohl
zhaol3:zhaol3
zhaoxp:zhaoxp
zhaozb:zhaozb
zhaozf:zhaozf
zhough:zhough
zhougy:zhougy
zhoul:zhoul
zhouping:zhouping
zhouqin:zhouqin
zhuwenjing:zhuwenjing
zhwgdb:zhwgdb
zjuni4:zjuni4
zjuni5:zjuni5
zjv8:zjv8
zoneadmin:zoneadmin
zoucong:zoucong
zsk:zsk
zte:zrx10
zte:zte
zufeng:zufeng
zuxun:zuxun
zuzh:zuzh
zuzh:zuzh1234
zwapp:zwapp
zwq:zwq
zxcvbnm:zxcvbnm
zxcvbn:zxcvbn
zxcvb:zxcvb
zxcv:zxcv
ZXG10:ZXG10
zxin1028:zxin1028
zxin10:zxin10
zxin11:zxin11
zxintest:zxintest
zxiptv:zxiptv
zxm10:zxm10
zxqasimp:zxqasimp
zxqas:zxqas
zxr10:zxr10
zxscagt:zxscagt
zxscbill:zxscbill
zxsmgw:zxsmgw
zxspam:zxspam
zxstddb:zxstddb
zx:zx
zyq:zyq
zyzzyz:zyzzyz
zznode:zznode
zzwangzh:zzwangzh
